{
  "precision@K": 0.44848,
  "recall@K": 0.38163103174603175,
  "params": {
    "K_VIZINHOS": 20,
    "K_RECS": 5,
    "ALPHA": 0.0001,
    "MIN_QUANTITY": 2,
    "MIN_PRODUCT_SUPPORT": 10,
    "MIN_CLIENT_TRANSACTIONS": 10
  },
  "time": 3.1243310737609864
}