{
  "precision@K": 0.44927999999999996,
  "recall@K": 0.3944971428571429,
  "params": {
    "K_VIZINHOS": 10,
    "K_RECS": 5,
    "ALPHA": 0.001,
    "MIN_QUANTITY": 5,
    "MIN_PRODUCT_SUPPORT": 10,
    "MIN_CLIENT_TRANSACTIONS": 10
  },
  "time": 3.0839824724197387
}