{
  "run": 91,
  "precision@K": 0.39199999999999996,
  "recall@K": 0.5626190476190476
}