{
  "run": 51,
  "precision@K": 0.40399999999999997,
  "recall@K": 0.5609285714285714
}